{"cameraMode":{"drawMode":0,"name":"Shaded","section":"Shading Mode"},"sceneLighting":true,"audioPlay":false,"sceneViewState":{"m_AlwaysRefresh":false,"showFog":true,"showSkybox":true,"showFlares":true,"showImageEffects":true,"showParticleSystems":true,"showVisualEffectGraphs":true,"m_FxEnabled":true},"in2DMode":false,"pivot":{"x":-34.474063873291019,"y":6.763936519622803,"z":40.781368255615237},"rotation":{"x":-0.009920940734446049,"y":-0.9586701989173889,"z":0.03367205709218979,"w":-0.2824247479438782},"size":2.4021921157836916,"orthographic":false}